{
  "features": [
    "z1_S1(degC)",
    "z1_S1(RH%)",
    "z1_S1(lux)",
    "z2_S1(degC)",
    "z2_S1(RH%)",
    "z2_S1(lux)",
    "z4_S1(degC)",
    "z4_S1(RH%)",
    "z4_S1(lux)",
    "z5_S1(degC)",
    "z5_S1(RH%)",
    "z5_S1(lux)",
    "hour",
    "dayofweek",
    "month"
  ],
  "coef": [
    -1.956487415074721,
    -1.5600905028485792,
    -0.16171690204488298,
    -0.3826399195752991,
    -1.837799077632096,
    0.10699307905633235,
    -5.5215742621324715,
    0.2692563451132818,
    0.3175103159022814,
    -2.667710961123022,
    0.5928340819888547,
    0.03706329160534792,
    0.16581420911819536,
    -3.3632148162619337,
    2.0990589630905427
  ],
  "intercept": 464.4782450540506
}