{
  "features": [
    "z1_S1(degC)",
    "z1_S1(RH%)",
    "z1_S1(lux)",
    "z2_S1(degC)",
    "z2_S1(RH%)",
    "z2_S1(lux)",
    "z4_S1(degC)",
    "z4_S1(RH%)",
    "z4_S1(lux)",
    "z5_S1(degC)",
    "z5_S1(RH%)",
    "z5_S1(lux)",
    "hour",
    "dayofweek",
    "month"
  ],
  "coef": [
    -3.4137264328486796,
    -3.592052742500729,
    -1.8228822466583372,
    -0.6776993212936513,
    -4.488983937294709,
    1.4794174135904927,
    -9.956677682638476,
    0.8888401735195339,
    5.704907702594303,
    -3.532155361935553,
    1.8551602366273308,
    0.8861272951835657,
    1.1477968885600744,
    -6.771971314704627,
    3.5959233111432223
  ],
  "intercept": 28.642696067330668
}